<?xml version="1.0"?>
<palette guid="b0ba023d-5c60-4ab3-8d57-4c0c50c7d896" name="Document Palette"><colors><page><color cs="CMYK" name="Black" tints="0,0,0,1"/><color cs="RGB" name="R17 G17 B17" tints="0.0666667,0.0666667,0.0666667"/><color cs="CMYK" name="Red" tints="0,1,1,0"/><color cs="RGB" name="R237 G154 B55" tints="0.929412,0.603922,0.215686"/><color cs="RGB" name="R235 G232 B222" tints="0.921569,0.909804,0.870588"/><color cs="RGB" name="R168 G164 B158" tints="0.658824,0.643137,0.619608"/><color cs="CMYK" name="70% Black" tints="0,0,0,0.7"/><color cs="CMYK" name="80% Black" tints="0,0,0,0.8"/><color cs="CMYK" name="C16 M100 Y100 K11" tints="0.160784,1,1,0.109804"/><color cs="RGB" name="R0 G51 B161" tints="0,0.2,0.631373"/></page></colors></palette>
